{
    "identifier": "a_",
    "size": 328,
    "speedKmh": 0.0012208857806399465,
    "speedMph": 0.0007586232968606055,
    "speedMs": 0.0003391349455341697,
    "isAbsEnabled": 1,
    "isAbsInAction": 0,
    "isTcInAction": 0,
    "isTcEnabled": 1,
    "isInPit": 0,
    "isEngineLimiterOn": 0,
    "accGVertical": 0,
    "accGHorizontal": 0,
    "accGFrontal": 0,
    "lapTime": 506730,
    "lastLap": 201534,
    "bestLap": 201534,
    "lapCount": 1,
    "gas": 0,
    "brake": 0,
    "clutch": 0,
    "engineRPM": 904.7828979492188,
    "steer": 0.00018626540258992463,
    "gear": 2,
    "cgHeight": 0.4410405158996582,
    "wheelAngularSpeed1": 0,
    "wheelAngularSpeed2": 0,
    "wheelAngularSpeed3": 0,
    "wheelAngularSpeed4": 0,
    "slipAngle1": 0.010501529090106487,
    "slipAngle2": -0.0009166994714178145,
    "slipAngle3": -0.11090220510959625,
    "slipAngle4": 0.11310955882072449,
    "slipAngleContactPatch1": 0,
    "slipAngleContactPatch2": 0,
    "slipAngleContactPatch3": 0,
    "slipAngleContactPatch4": 0,
    "slipRatio1": -0.00015247269766405225,
    "slipRatio2": -0.00019544261158443987,
    "slipRatio3": 0.0002725733502302319,
    "slipRatio4": -0.00015135848661884665,
    "tyreSlip1": 0,
    "tyreSlip2": 0,
    "tyreSlip3": 0,
    "tyreSlip4": 0,
    "ndSlip1": 0.026048166677355766,
    "ndSlip2": 0.030948713421821594,
    "ndSlip3": 0.04356640577316284,
    "ndSlip4": 0.04697151109576225,
    "load1": 2846.287109375,
    "load2": 2893.872802734375,
    "load3": 4605.17236328125,
    "load4": 4593.38916015625,
    "Dy1": 1.2735871076583862,
    "Dy2": 1.1626482009887695,
    "Dy3": 1.204995036125183,
    "Dy4": 1.1024415493011475,
    "Mz1": 0.07110385596752167,
    "Mz2": -0.02753988280892372,
    "Mz3": 0.1601591259241104,
    "Mz4": -0.07856685668230057,
    "tyreDirtyLevel1": 0,
    "tyreDirtyLevel2": 0,
    "tyreDirtyLevel3": 0,
    "tyreDirtyLevel4": 0,
    "camberRAD1": -0.0281036589294672,
    "camberRAD2": -0.029845336452126503,
    "camberRAD3": -0.024418404325842857,
    "camberRAD4": -0.02456311322748661,
    "tyreRadius1": 0.34700000286102295,
    "tyreRadius2": 0.34700000286102295,
    "tyreRadius3": 0.3619999885559082,
    "tyreRadius4": 0.3619999885559082,
    "tyreLoadedRadius1": 0.33744317293167114,
    "tyreLoadedRadius2": 0.33727774024009705,
    "tyreLoadedRadius3": 0.34813976287841797,
    "tyreLoadedRadius4": 0.3481694459915161,
    "suspensionHeight1": 0.04296255111694336,
    "suspensionHeight2": 0.04328775405883789,
    "suspensionHeight3": 0.03400113806128502,
    "suspensionHeight4": 0.03399624302983284,
    "carPositionNormalized": 0.09749038517475128,
    "carSlope": 0,
    "carCoordinatesX": -125.67996978759766,
    "carCoordinatesY": 6.788361549377441,
    "carCoordinatesZ": 312.4105224609375
}